sampleID,pond,doy,treatment,chl_before,phyco_before,chl_after,phyco_after,chl_final,phyco_final
E20A1501B1,A,150,control,4324.7,764.95,,,2425.6,354.09
E20A1501B2,A,150,control,4153.4,726.67,,,2216.2,386.74
E20A1502B1,A,150,no3,4474.2,733.06,,,2664.5,432.16
E20A1502B2,A,150,no3,4125.7,723.09,,,2313.2,460.55
E20A1503B1,A,150,nh4,4080,617.39,,,2167.6,523.02
E20A1503B2,A,150,nh4,4108.7,640.76,,,2727.3,478.28
E20A1504B1,A,150,p,4236.2,674.85,,,1645,220
E20A1504B2,A,150,p,4107.7,731.62,,,1784.9,271.82
E20A1505B1,A,150,no3p,4224.8,664.88,,,3728.8,617.39
E20A1505B2,A,150,no3p,4666.4,737.32,,,3487,625.91
E20A1506B1,A,150,nh4p,3890.6,654.98,,,3715.4,595.4
E20A1506B2,A,150,nh4p,4089.6,719.52,,,3099.5,526.53
E20B1501B1,B,150,control,4300,490.38,,,3526,348.45
E20B1501B2,B,150,control,4464.6,466.94,,,3555.6,328.59
E20B1502B1,B,150,no3,4455.1,497.46,,,2354.2,347.7
E20B1502B2,B,150,no3,4343.8,472.58,,,2840.7,287.42
E20B1503B1,B,150,nh4,4330.5,438.56,,,4070.6,530.79
E20B1503B2,B,150,nh4,4412.3,476.84,,,3307,456.45
E20B1504B1,B,150,p,4409.5,471.2,,,2201.8,262.54
E20B1504B2,B,150,p,4613.1,466.94,,,2460.8,273.95
E20B1505B1,B,150,no3p,4554.1,493.2,,,4755,567.7
E20B1505B2,B,150,no3p,4243.8,503.85,,,4319.9,476.84
E20B1506B1,B,150,nh4p,4409.5,450.58,,,6857.9,586.12
E20B1506B2,B,150,nh4p,4785.5,498.14,,,4834.9,567.7
E20C1501B1,C,150,control,947.17,241.31,,,359.84,115.67
E20C1501B2,C,150,control,946.26,152.58,,,678.74,112.85
E20C1502B1,C,150,no3,859.62,139.79,,,685.45,132.71
E20C1502B2,C,150,no3,1050.9,207.9,,,458.86,158.28
E20C1503B1,C,150,nh4,908.17,124.88,,,828.24,139.79
E20C1503B2,C,150,nh4,947.17,256.91,,,602.57,125.64
E20C1504B1,C,150,p,876.79,174.57,,,1224.2,254.02
E20C1504B2,C,150,p,894.87,184.54,,,1591.6,254.02
E20C1505B1,C,150,no3p,947.17,166.8,,,575.96,92.99
E20C1505B2,C,150,no3p,939.55,163.23,,,1036.6,137.66
E20C1506B1,C,150,nh4p,885.32,162.54,,,1319.4,107.9
E20C1506B2,C,150,nh4p,967.18,192.3,,,1773.4,149.76
E20D1501B1,D,150,control,818.7,170.31,,,2929.1,204.4
E20D1501B2,D,150,control,879.63,137.66,,,2542.7,224.28
E20D1502B1,D,150,no3,801.53,132.71,,,2669.2,249.83
E20D1502B2,D,150,no3,788.23,188.23,,,1737.3,183.09
E20D1503B1,D,150,nh4,832,205.77,,,1833.5,223.57
E20D1503B2,D,150,nh4,715.91,135.53,,,1936.2,295.19
E20D1504B1,D,150,p,768.22,132.71,,,2554,484.67
E20D1504B2,D,150,p,751.05,154.02,,,3305.2,328.59
E20D1505B1,D,150,no3p,1069,186.67,,,2298.9,277.46
E20D1505B2,D,150,no3p,903.4,182.41,,,1863.9,225.7
E20D1506B1,D,150,nh4p,1098.6,173.13,,,1839.2,206.53
E20D1506B2,D,150,nh4p,854.85,183.09,,,1612.6,285.29
E20E1501B1,E,150,control,3640.3,325.7,,,1866.8,278.9
E20E1501B2,E,150,control,3676.4,377.53,,,2216.2,217.18
E20E1502B1,E,150,no3,3836.4,332.1,,,1494.5,155.4
E20E1502B2,E,150,no3,4186.7,377.53,,,1446.9,171.75
E20E1503B1,E,150,nh4,3617.4,273.2,,,1456.5,188.8
E20E1503B2,E,150,nh4,3935.4,372.58,,,1263.2,138.42
E20E1504B1,E,150,p,3796.4,363.3,,,1923.9,220.69
E20E1504B2,E,150,p,4014.4,351.27,,,1919.2,257.59
E20E1505B1,E,150,no3p,3671.6,346.32,,,1782.1,289.55
E20E1505B2,E,150,no3p,3617.4,348.45,,,1458,239.18
E20E1506B1,E,150,nh4p,3745.9,356.98,,,2555.1,244.12
E20E1506B2,E,150,nh4p,3590.8,338.49,,,1669.7,263.3
E20F1501B1,F,150,control,1000.4,177.39,,,584.49,113.54
E20F1501B2,F,150,control,495.93,161.1,,,1038.5,144.74
E20F1502B1,F,150,no3,594.04,154.71,,,969.11,184.54
E20F1502B2,F,150,no3,495.02,131.27,,,1306,188.04
E20F1503B1,F,150,nh4,626.44,146.19,,,1102.3,227.08
E20F1503B2,F,150,nh4,642.59,180.27,,,1237.5,253.33
E20F1504B1,F,150,p,721.6,163.92,,,2456,487.49
E20F1504B2,F,150,p,552.09,198.01,,,2140,453.47
E20F1505B1,F,150,no3p,497.86,172.44,,,1168.9,259.04
E20F1505B2,F,150,no3p,616.89,186.67,,,2894.9,369
E20F1506B1,F,150,nh4p,552.09,146.19,,,981.5,222.13
E20F1506B2,F,150,nh4p,572.1,126.32,,,1497.4,261.17
E20A1551B1,A,155,control,4226.9,748.66,,,2618.8,540
E20A1551B2,A,155,control,3596.5,683.37,,,2710.2,511.62
E20A1552B1,A,155,no3,3979.2,720.96,,,4450.4,1174.4
E20A1552B2,A,155,no3,4545.6,713.2,,,4030.6,989.21
E20A1553B1,A,155,nh4,4653.1,757.87,,,5325.3,1273
E20A1553B2,A,155,nh4,4514.2,706.8,,,4558.9,1255.3
E20A1554B1,A,155,p,4313.3,708.93,,,2632.2,581.86
E20A1554B2,A,155,p,4443.7,828.11,,,2535.1,556.36
E20A1555B1,A,155,no3p,4889.3,769.21,,,5227.2,1217.6
E20A1555B2,A,155,no3p,4295.1,716.01,,,5008.2,970.03
E20A1556B1,A,155,nh4p,4613.1,755.05,,,5561.3,1229
E20A1556B2,A,155,nh4p,4594.1,740.82,,,6380.9,1237.5
E20B1551B1,B,155,control,1466.9,220,,,2009.6,332.85
E20B1551B2,B,155,control,1545,212.16,,,1870.5,259.73
E20B1552B1,B,155,no3,1498.3,210.03,,,2140.9,199.38
E20B1552B2,B,155,no3,1389.8,202.96,,,1405.1,241.99
E20B1553B1,B,155,nh4,1528.8,211.48,,,2239,330.72
E20B1553B2,B,155,nh4,1519.3,231.34,,,1876.3,264.67
E20B1554B1,B,155,p,1511.7,230.65,,,1309.8,220
E20B1554B2,B,155,p,1507.9,250.52,,,1047.1,248.38
E20B1555B1,B,155,no3p,1557.4,241.31,,,2024.8,475.46
E20B1555B2,B,155,no3p,1586,215.74,,,2205.7,540.76
E20B1556B1,B,155,nh4p,1529.8,226.39,,,2429.3,547.84
E20B1556B2,B,155,nh4p,1529.8,202.27,,,2408.4,404.47
E20C1551B1,C,155,control,412.24,120.62,,,882.48,173.13
E20C1551B2,C,155,control,456.93,90.86,,,750.14,131.27
E20C1552B1,C,155,no3,432.15,83.78,,,613.03,88.73
E20C1552B2,C,155,no3,391.22,97.25,,,537.87,92.23
E20C1553B1,C,155,nh4,499.79,52.51,,,885.32,158.28
E20C1553B2,C,155,nh4,389.39,68.11,,,824.38,163.23
E20C1554B1,C,155,p,393.42,57.53,,,1097.5,252.65
E20C1554B2,C,155,p,447.38,75.26,,,735.82,123.51
E20C1555B1,C,155,no3p,425.55,57.53,,,835.86,112.16
E20C1555B2,C,155,no3p,417.93,117.11,,,672.04,131.27
E20C1556B1,C,155,nh4p,451.24,80.89,,,1181.3,123.51
E20C1556B2,C,155,nh4p,447.38,93.68,,,720.59,128.45
E20D1551B1,D,155,control,437.94,99.38,,,1116.6,143.37
E20D1551B2,D,155,control,486.48,134.16,,,1203.3,219.31
E20D1552B1,D,155,no3,562.66,102.89,,,1241.4,191.62
E20D1552B2,D,155,no3,442.71,100.07,,,1184.2,179.52
E20D1553B1,D,155,nh4,419.86,114.98,,,1237.5,225.7
E20D1553B2,D,155,nh4,520.71,128.45,,,1239.4,168.18
E20D1554B1,D,155,p,500.7,96.49,,,2307.4,401.65
E20D1554B2,D,155,p,548.34,109.28,,,2549.3,276.08
E20D1555B1,D,155,no3p,552.09,159.66,,,2204.7,364.74
E20D1555B2,D,155,no3p,497.86,118.49,,,1556.4,247.7
E20D1556B1,D,155,nh4p,499.79,106.46,,,1458.4,215.05
E20D1556B2,D,155,nh4p,472.16,150.45,,,2032.4,301.58
E20E1551B1,E,155,control,890.09,212.16,,,1446,271.82
E20E1551B2,E,155,control,1026.1,220.69,,,1924.9,442.82
E20E1552B1,E,155,no3,1060.5,207.22,,,2262.8,389.62
E20E1552B2,E,155,no3,1112.6,230.65,,,1874.4,375.4
E20E1553B1,E,155,nh4,974.8,222.13,,,1571.6,278.9
E20E1553B2,E,155,nh4,1329.8,284.54,,,1449.8,324.33
E20E1554B1,E,155,p,1056.6,211.48,,,3701.2,659.93
E20E1554B2,E,155,p,951.95,215.74,,,4210.5,769.21
E20E1555B1,E,155,no3p,966.27,261.17,,,2348.5,551.41
E20E1555B2,E,155,no3p,1035.7,254.78,,,2425.6,568.38
E20E1556B1,E,155,nh4p,1011.9,245.57,,,2241.8,424.33
E20E1556B2,E,155,nh4p,920.56,222.82,,,1711.6,407.35
E20F1551B1,F,155,control,655.89,152.58,,,1601.2,230.65
E20F1551B2,F,155,control,757.76,188.04,,,1744.9,383.23
E20F1552B1,F,155,no3,697.84,182.41,,,1431.7,255.46
E20F1552B2,F,155,no3,755.83,168.93,,,1677.4,301.58
E20F1553B1,F,155,nh4,747.3,219.31,,,1484.1,366.19
E20F1553B2,F,155,nh4,1047.1,207.9,,,2525.5,404.47
E20F1554B1,F,155,p,723.53,192.3,,,2523.6,520.14
E20F1554B2,F,155,p,691.13,163.92,,,2450.4,455.6
E20F1555B1,F,155,no3p,818.7,178.14,,,1719.2,603.92
E20F1555B2,F,155,no3p,736.84,194.43,,,2003.9,550.65
E20F1556B1,F,155,nh4p,825.4,181.65,,,1365.1,554.23
E20F1556B2,F,155,nh4p,789.14,210.79,,,1432.7,560.62
E20A1671B1,A,167,control,8255.4,2237.3,9504.4,1919.4,8721.8,1881.9
E20A1671B2,A,167,control,9845.1,2343.1,8812.2,1786.8,8761.9,1766.1
E20A1672B1,A,167,no3,9305.4,2376.4,10009,2203.3,9584.3,2393.4
E20A1672B2,A,167,no3,9699.5,2379.3,10570,2385.7,9941.3,2334.5
E20A1673B1,A,167,nh4,10134,2460.8,11010,2964.7,10800,2959
E20A1673B2,A,167,nh4,9723.3,2287,12098,3369.9,11011,3037.1
E20A1674B1,A,167,p,10410,2420.4,9405.4,1939.3,11410,2051.4
E20A1674B2,A,167,p,10777,2150.1,10053,2160,9060.8,1791
E20A1675B1,A,167,no3p,9491,2099.7,12479,2746.8,10614,2516.9
E20A1675B2,A,167,no3p,10393,2157.9,12915,3206.6,9998.4,2255.1
E20A1676B1,A,167,nh4p,9968.9,2230.3,11180,2688.6,11016,2282
E20A1676B2,A,167,nh4p,9504.4,2405.5,11965,3071.8,12599,2380
E20B1671B1,B,167,control,1164.2,252.65,863.38,269.69,720.59,151.89
E20B1671B2,B,167,control,1277.5,305.84,1093.8,202.27,825.4,177.39
E20B1672B1,B,167,no3,1176.6,246.94,878.62,221.44,926.25,167.49
E20B1672B2,B,167,no3,1268,317.18,950.02,166.8,594.95,166.8
E20B1673B1,B,167,nh4,1268,276.08,1199.4,142.68,957.63,176.01
E20B1673B2,B,167,nh4,1210.9,339.18,1418.4,345.57,992.88,202.27
E20B1674B1,B,167,p,1340.3,302.34,1115.6,171.75,1387,200.82
E20B1674B2,B,167,p,1188,288.8,1168,210.79,1008.1,120.62
E20B1675B1,B,167,no3p,1376.5,290.93,1629.7,214.3,5216.7,447.08
E20B1675B2,B,167,no3p,1352.7,307.97,1151.9,205.77,8459.1,369
E20B1676B1,B,167,nh4p,1374.6,321.44,1275.6,325.02,1970.5,409.48
E20B1676B2,B,167,nh4p,1223.3,342.75,1350.8,317.94,1677.4,469.07
E20C1671B1,C,167,control,891.01,189.48,548.34,102.89,631.11,128.45
E20C1671B2,C,167,control,1076.6,227.77,612.12,112.16,597.8,134.85
E20C1672B1,C,167,no3,1073.8,239.91,692.12,114.98,689.7,122.75
E20C1672B2,C,167,no3,1048.1,256.15,814.84,110.03,907.26,112.85
E20C1673B1,C,167,nh4,1044.2,246.25,1452.6,239.86,1133.7,178.14
E20C1673B2,C,167,nh4,1099.5,217.87,1458.4,266.12,1780.1,189.48
E20C1674B1,C,167,p,1168,212.92,980.48,127.01,729.22,144.05
E20C1674B2,C,167,p,1139.5,245.57,721.6,149.76,1017.6,128.45
E20C1675B1,C,167,no3p,1178.5,254.78,793.91,166.05,1608.8,276.77
E20C1675B2,C,167,no3p,1126.1,247.7,811.08,239.86,1188,871.41
E20C1676B1,C,167,nh4p,1085.2,246.25,698.75,209.35,990.95,291.68
E20C1676B2,C,167,nh4p,1120.4,236.29,1202.3,422.2,1080.5,692.58
E20D1671B1,D,167,control,892.04,204.4,1117.5,342.06,1160.4,354.85
E20D1671B2,D,167,control,811.08,203.64,1219.4,340.62,951.95,315.95
E20D1672B1,D,167,no3,713.98,215.74,1251.8,331.41,1634.5,1034.6
E20D1672B2,D,167,no3,701.59,256.91,1020.5,310.79,1545,1008.3
E20D1673B1,D,167,nh4,693.98,212.16,1326.1,482.54,2618.8,779.18
E20D1673B2,D,167,nh4,709.21,185.22,1659.2,369.69,1803.9,398.83
E20D1674B1,D,167,p,774.92,196.56,1735.4,277.46,2239,392.44
E20D1674B2,D,167,p,738.77,226.39,1240.3,273.95,1534.6,327.15
E20D1675B1,D,167,no3p,748.21,201.51,1145.2,249.83,4154.4,848.73
E20D1675B2,D,167,no3p,819.61,210.03,1247,241.99,1155.6,523.71
E20D1676B1,D,167,nh4p,710.13,208.66,856.78,258.28,1050.9,674.85
E20D1676B2,D,167,nh4p,787.31,188.8,946.26,217.87,1072.9,476.84
E20E1671B1,E,167,control,1050.9,275.33,1675.4,367.56,1624,312.92
E20E1671B2,E,167,control,1068.1,285.29,1494.5,388.89,2006.7,375.4
E20E1672B1,E,167,no3,980.48,239.86,1737.3,662.06,2211.4,1045.2
E20E1672B2,E,167,no3,1174.6,281.72,1896.2,536.49,2547.4,923.23
E20E1673B1,E,167,nh4,987.19,268.25,2291.3,478.97,2790.2,725.91
E20E1673B2,E,167,nh4,990.03,277.46,2300.9,483.23,2271.3,579.79
E20E1674B1,E,167,p,900.55,276.77,1876.3,518.01,2124.7,439.24
E20E1674B2,E,167,p,1010.9,268.93,1900.1,536.49,2356.1,378.21
E20E1675B1,E,167,no3p,1195.7,268.25,1820.1,571.27,2941.5,1781.7
E20E1675B2,E,167,no3p,1180.9,214.3,1932.5,596.08,3165.3,1886.1
E20E1676B1,E,167,nh4p,1189.9,298.08,1575.5,540,2525.5,1818.6
E20E1676B2,E,167,nh4p,1033.8,291.68,2008.6,597.53,2679.7,1846.3
E20F1671B1,F,167,control,477.85,152.58,756.84,316.49,806.3,234.91
E20F1671B2,F,167,control,491.26,166.05,879.63,287.42,852.92,271.82
E20F1672B1,F,167,no3,501.72,182.41,804.37,277.46,703.52,241.89
E20F1672B2,F,167,no3,512.18,191.62,820.63,305.84,833.02,403.09
E20F1673B1,F,167,nh4,516.95,151.89,971.95,337.04,955.8,304.47
E20F1673B2,F,167,nh4,486.48,173.88,912.95,326.46,791.07,218.61
E20F1674B1,F,167,p,516.95,196.56,970.02,399.52,1488.9,349.83
E20F1674B2,F,167,p,512.18,189.48,1100.4,438.56,882.48,241.99
E20F1675B1,F,167,no3p,511.16,185.22,811.99,332.85,1414.6,665.64
E20F1675B2,F,167,no3p,485.47,218.56,925.34,364.05,1404.1,649.28
E20F1676B1,F,167,nh4p,511.16,169.92,972.87,322.89,1055.7,803.99
E20F1676B2,F,167,nh4p,496.95,164.67,552.09,203.64,630.26,315.81
E20A1711B1,A,171,control,12622,2966.8,,,6124.9,1644.8
E20A1711B2,A,171,control,12009,2651.7,,,10312,2309.7
E20A1712B1,A,171,no3,11996,2716.3,,,9404.4,2282.8
E20A1712B2,A,171,no3,11531,2912.2,,,11691,2876.7
E20A1713B1,A,171,nh4,12618,2544.6,,,10013,3077.5
E20A1713B2,A,171,nh4,10340,2762.4,,,12235,3176.9
E20A1714B1,A,171,p,11989,2495.6,,,9392,2325.3
E20A1714B2,A,171,p,11425,2433.2,,,7813.7,1787.4
E20A1715B1,A,171,no3p,12224,2519.7,,,12315,3375.6
E20A1715B2,A,171,no3p,12121,2700,,,12695,3213
E20A1716B1,A,171,nh4p,11804,2724.1,,,13558,3445.8
E20A1716B2,A,171,nh4p,11762,2578.6,,,12341,3514.6
E20B1711B1,B,171,control,1206.1,228.52,,,1645.9,313.68
E20B1711B2,B,171,control,1418.4,268.93,,,1351.8,241.31
E20B1712B1,B,171,no3,1328,255.46,,,1436.5,239.18
E20B1712B2,B,171,no3,1237.5,188.04,,,1168,223.57
E20B1713B1,B,171,nh4,1249.9,256.15,,,1592.6,246.94
E20B1713B2,B,171,nh4,1321.3,224.26,,,2031.4,276.77
E20B1714B1,B,171,p,1273.7,212.92,,,3985.8,852.23
E20B1714B2,B,171,p,1241.4,272.65,,,4240.9,794.78
E20B1715B1,B,171,no3p,1354.6,252.65,,,6842.6,933.81
E20B1715B2,B,171,no3p,1259.4,251.96,,,4493.2,820.34
E20B1716B1,B,171,nh4p,1321.3,219.31,,,5691.7,679.79
E20B1716B2,B,171,nh4p,1128,246.94,,,3377.5,916.08
E20C1711B1,C,171,control,747.3,198.68,,,667.37,207.22
E20C1711B2,C,171,control,665.44,172.44,,,903.4,146.19
E20C1712B1,C,171,no3,723.53,154.02,,,628.27,133.4
E20C1712B2,C,171,no3,640.66,158.28,,,675.9,158.28
E20C1713B1,C,171,nh4,757.76,138.42,,,973.88,238.42
E20C1713B2,C,171,nh4,633.04,117.11,,,683.52,176.7
E20C1714B1,C,171,p,628.27,210.79,,,1727.7,1033.2
E20C1714B2,C,171,p,608.26,171.75,,,2430.3,866.46
E20C1715B1,C,171,no3p,691.13,154.02,,,1172.8,783.44
E20C1715B2,C,171,no3p,615.88,124.88,,,1685.9,767.08
E20C1716B1,C,171,nh4p,693.06,176.7,,,4978.8,795.46
E20C1716B2,C,171,nh4p,629.28,179.52,,,3476.5,934.57
E20D1711B1,D,171,control,1506.9,362.61,,,2558.8,1490.1
E20D1711B2,D,171,control,1333.7,339.18,,,2031.4,1087.8
E20D1712B1,D,171,no3,1307,310.7,,,3383.2,1444
E20D1712B2,D,171,no3,1267,324.33,,,3295.7,1339.7
E20D1713B1,D,171,nh4,1390.8,341.31,,,5402.4,1808
E20D1713B2,D,171,nh4,1374.6,300.21,,,4151.4,1950.7
E20D1714B1,D,171,p,1358.5,318.63,,,3323.3,1077.1
E20D1714B2,D,171,p,1212.7,263.3,,,6282,1346.8
E20D1715B1,D,171,no3p,1366,268.2,,,3231.9,1302.1
E20D1715B2,D,171,no3p,1181.3,369,,,2535.1,1153.8
E20D1716B1,D,171,nh4p,1298.4,278.9,,,2968.2,1496.5
E20D1716B2,D,171,nh4p,1420.3,306.6,,,1891.5,936.7
E20E1711B1,E,171,control,1407.9,385.36,,,3349.9,1224.8
E20E1711B2,E,171,control,1392.7,415.12,,,2576,1194.3
E20E1712B1,E,171,no3,1417.5,428.59,,,4181,1744.9
E20E1712B2,E,171,no3,1561.2,383.23,,,4006.8,1684.6
E20E1713B1,E,171,nh4,1455.5,399.52,,,7767,2572.3
E20E1713B2,E,171,nh4,1519.3,382.47,,,7376.7,2012.4
E20E1714B1,E,171,p,1476.5,398.83,,,6235.3,908.32
E20E1714B2,E,171,p,1347,369.69,,,6117.3,1038.1
E20E1715B1,E,171,no3p,1385.1,382.47,,,4304.7,2299.7
E20E1715B2,E,171,no3p,1434.5,405.22,,,5600.3,2110.3
E20E1716B1,E,171,nh4p,1778.2,445.64,,,3605,2097.5
E20E1716B2,E,171,nh4p,1628.7,414.43,,,4526.5,2792.9
E20F1711B1,F,171,control,752.07,239.18,,,2069.5,1180.7
E20F1711B2,F,171,control,733.99,253.33,,,2129.5,1351.8
E20F1712B1,F,171,no3,902.48,266.12,,,2221.8,1600
E20F1712B2,F,171,no3,835.86,244.12,,,3263.3,1778.9
E20F1713B1,F,171,nh4,823.47,215.74,,,2874,1707.2
E20F1713B2,F,171,nh4,805.39,254.78,,,3586,1809.4
E20F1714B1,F,171,p,872.02,247.7,,,2649.3,979.24
E20F1714B2,F,171,p,885.32,208.66,,,2076.7,669.14
E20F1715B1,F,171,no3p,842.46,265.43,,,2106.7,1850.6
E20F1715B2,F,171,no3p,823.45,232.03,,,3268,1789.6
E20F1716B1,F,171,nh4p,847.23,260.41,,,2160.9,2338.8
E20F1716B2,F,171,nh4p,887.25,311.55,,,2927.2,3629.6
E20A1751B1,A,175,control,15325,4312.9,,,15894,4499.5
E20A1751B2,A,175,control,24578,5820.8,,,18890,4442.1
E20A1752B1,A,175,no3,21937,4867.1,,,20119,5241.7
E20A1752B2,A,175,no3,24456,4540,,,19428,5076.4
E20A1753B1,A,175,nh4,22120,4794.7,,,20109,5974
E20A1753B2,A,175,nh4,21998,4471.2,,,18677,5044.5
E20A1754B1,A,175,p,22313,4513,,,13525,3326.6
E20A1754B2,A,175,p,21348,4119.2,,,15884,4274.6
E20A1755B1,A,175,no3p,22760,4558.4,16971,4999.1,15508,4424.3
E20A1755B2,A,175,no3p,21785,4639.3,19357,4880.6,14919,4588.2
E20A1756B1,A,175,nh4p,20271,4154,18250,5080.6,17194,4965
E20A1756B2,A,175,nh4p,21876,4502.4,16310,4005,20353,4416.5
E20B1751B1,B,175,control,2813,669.9,,,2455,530.79
E20B1751B2,B,175,control,2923.4,644.33,,,2656.9,501.72
E20B1752B1,B,175,no3,2921.5,642.2,,,2833,493.2
E20B1752B2,B,175,no3,2604.5,724.54,,,2515,520.14
E20B1753B1,B,175,nh4,2919.7,628.04,,,2955.8,635.12
E20B1753B2,B,175,nh4,2637.8,666.32,,,2989.1,650.72
E20B1754B1,B,175,p,2703.5,664.88,,,2671.2,502.41
E20B1754B2,B,175,p,2881.6,737.32,,,2649.3,615.26
E20B1755B1,B,175,no3p,2620.7,669.14,2935.8,594.64,3111.9,949.48
E20B1755B2,B,175,no3p,2776.9,568.38,3103.08,727.216,4016.2,919.66
E20B1756B1,B,175,nh4p,2663.5,684.05,2793,760.69,4024.9,1163.7
E20B1756B2,B,175,nh4p,2579.7,643.64,3249.94,866.446,4701.7,999.11
E20C1751B1,C,175,control,731.15,202.96,,,1374.6,327.84
E20C1751B2,C,175,control,911.02,132.03,,,1553.6,344.19
E20C1752B1,C,175,no3,819.61,163.92,,,1678.3,449.21
E20C1752B2,C,175,no3,921.48,143.37,,,1509.8,402.34
E20C1753B1,C,175,nh4,988.1,213.61,,,1739.2,630.86
E20C1753B2,C,175,nh4,898.62,150.45,,,1967.6,632.99
E20C1754B1,C,175,p,961.49,215.74,,,2063.8,533.61
E20C1754B2,C,175,p,957.63,176.7,,,2160.9,503.09
E20C1755B1,C,175,no3p,1014.8,168.18,1365.1,363.8675,1567.9,868.59
E20C1755B2,C,175,no3p,768.22,196.56,1380.55,421.34,1820.2,875.67
E20C1756B1,C,175,nh4p,846.32,198.69,1200.875,386.0475,1647.8,781.31
E20C1756B2,C,175,nh4p,798.69,185.22,1246.775,402.54,1902,960.14
E20D1751B1,D,175,control,2369.4,659.93,,,4628.4,1308.5
E20D1751B2,D,175,control,2772.1,615.26,,,4167.7,1248.9
E20D1752B1,D,175,no3,2358.9,613.81,,,6741.8,2459.4
E20D1752B2,D,175,no3,2401.8,616.63,,,5400.4,1995.4
E20D1753B1,D,175,nh4,2691.2,708.93,,,7974.5,1849.2
E20D1753B2,D,175,nh4,2468.4,672.03,,,7689.9,2657.4
E20D1754B1,D,175,p,2277.1,669.9,,,4061.9,1107
E20D1754B2,D,175,p,2368.4,597.53,,,4038.2,1607.2
E20D1755B1,D,175,no3p,2427.5,689.76,3106,834.1575,2977.7,1700.8
E20D1755B2,D,175,no3p,2663.5,688.32,2844.175,705.1725,2393.2,1450.4
E20D1756B1,D,175,nh4p,2725.4,672.03,2631.65,670.43,3726.9,1493.7
E20D1756B2,D,175,nh4p,2220.9,668.45,2169.225,608.49,3963,1465.3
E20E1751B1,E,175,control,1760.2,451.34,,,3141.4,672.03
E20E1751B2,E,175,control,1642.1,444.19,,,2011.5,506.67
E20E1752B1,E,175,no3,1688.7,401.65,,,3978.2,1744.9
E20E1752B2,E,175,no3,1995.3,476.84,,,4155.3,2274.3
E20E1753B1,E,175,nh4,1763.9,437.11,,,5621.3,1526.3
E20E1753B2,E,175,nh4,1450.8,483.23,,,6021.1,1331.2
E20E1754B1,E,175,p,1901,532.92,,,2473.1,657.8
E20E1754B2,E,175,p,1682,565.57,,,2465.6,606.74
E20E1755B1,E,175,no3p,1847.7,476.84,2702.375,740.8425,2628.3,1046.6
E20E1755B2,E,175,no3p,1840.1,495.33,2365.775,674.845,3063.4,1681.7
E20E1756B1,E,175,nh4p,1886.8,452.03,2110.7,680.705,2957.7,1749.9
E20E1756B2,E,175,nh4p,1924.9,416.56,2420.8,691.53,2936.7,1536.2
E20F1751B1,F,175,control,1268.9,325.02,,,1981,613.13
E20F1751B2,F,175,control,1281.3,292.37,,,1984.8,601.79
E20F1752B1,F,175,no3,1222.3,310.79,,,2760.6,1436.9
E20F1752B2,F,175,no3,1138.5,299.45,,,2486.5,1541.9
E20F1753B1,F,175,nh4,1249,284.54,,,3979.2,1921.5
E20F1753B2,F,175,nh4,1267,369.69,,,3664,1879.7
E20F1754B1,F,175,p,1366,347.7,,,1982.9,720.96
E20F1754B2,F,175,p,1398.4,381.79,,,2153.3,640.07
E20F1755B1,F,175,no3p,1176.6,332.85,1629.25,600.3275,1177.6,723.78
E20F1755B2,F,175,no3p,1209.9,239.86,1598.05,645.0525,1869.6,1241.1
E20F1756B1,F,175,nh4p,1401.2,283.16,1542.125,652.32,1776.3,1339.7
E20F1756B2,F,175,nh4p,1321.3,421.51,1668.275,685.31,1866.8,1784.6
E20A1781B1,A,178,control,23271,5924.4,,,13548,4621.6
E20A1781B2,A,178,control,24131,5374.5,,,19195,5363.8
E20A1782B1,A,178,no3,27279,5561.1,,,14391,5164.4
E20A1782B2,A,178,no3,30793,5859.8,,,17255,5467.4
E20A1783B1,A,178,nh4,27107,5628.5,,,21064,5796
E20A1783B2,A,178,nh4,29524,5616.4,,,19601,5466.7
E20A1784B1,A,178,p,26680,5818,,,16402,5306.3
E20A1784B2,A,178,p,26914,5920.2,,,15082,5625
E20A1785B1,A,178,no3p,29656,5983.3,,,16981,6059.2
E20A1785B2,A,178,no3p,28447,6194,,,13609,5197.1
E20A1786B1,A,178,nh4p,28508,5793.2,,,17103,5857
E20A1786B2,A,178,nh4p,28732,5878.3,,,20373,6246.6
E20B1781B1,B,178,control,1492.6,439.24,,,1795.4,621.65
E20B1781B2,B,178,control,1660.2,370.45,,,2428.4,1365.2
E20B1782B1,B,178,no3,1643.9,389.62,,,2347.5,809.69
E20B1782B2,B,178,no3,1688.3,488.93,,,2219.9,1100.6
E20B1783B1,B,178,nh4,1551.6,452.71,,,7018.7,1182.8
E20B1783B2,B,178,nh4,1518.3,416.56,,,5831.7,1048.1
E20B1784B1,B,178,p,1736.4,474.71,,,3908.7,1134.6
E20B1784B2,B,178,p,1893.4,419.38,,,3409.9,869.28
E20B1785B1,B,178,no3p,1731.6,416.56,,,12685,3182.5
E20B1785B2,B,178,no3p,1546.9,414.43,,,6305.8,1827.2
E20B1786B1,B,178,nh4p,1769.9,398.83,,,4330.5,3104.5
E20B1786B2,B,178,nh4p,2152.4,424.33,,,3265.2,2144.4
E20C1781B1,C,178,control,723.53,164.67,,,1708.7,816.77
E20C1781B2,C,178,control,960.58,167.49,,,1478.4,596.08
E20C1782B1,C,178,no3,900.55,168.18,,,1789.7,547.15
E20C1782B2,C,178,no3,913.86,215.05,,,1357.4,414.43
E20C1783B1,C,178,nh4,731.15,173.13,,,1691.6,447.77
E20C1783B2,C,178,nh4,999.58,198.01,,,2084.7,449.9
E20C1784B1,C,178,p,746.38,138.42,,,3051,701.1
E20C1784B2,C,178,p,910.1,171.75,,,2153.3,718.14
E20C1785B1,C,178,no3p,1056.6,193.75,,,2852,1442.6
E20C1785B2,C,178,no3p,846.32,200.82,,,3439.4,1621.4
E20C1786B1,C,178,nh4p,938.64,244.12,,,2197.1,1593
E20C1786B2,C,178,nh4p,798.69,178.83,,,2361.8,1642.7
E20D1781B1,D,178,control,4728.4,1246.8,,,4161,1447.6
E20D1781B2,D,178,control,5098.7,1033.8,,,5579.4,1503.6
E20D1782B1,D,178,no3,5024.5,1173.6,,,5580.4,2250.1
E20D1782B2,D,178,no3,5035.8,1070.7,,,6433.3,2282
E20D1783B1,D,178,nh4,4974.9,1101.9,,,6255.3,2532.5
E20D1783B2,D,178,nh4,5963.1,1057.3,,,6454.3,2924.2
E20D1784B1,D,178,p,5376.7,1020.4,,,5027.3,1510.7
E20D1784B2,D,178,p,4617.9,1253.2,,,6088.7,1468.8
E20D1785B1,D,178,no3p,4637,1126.1,,,4093.4,1546.9
E20D1785B2,D,178,no3p,5883.1,1109.8,,,4121,1712.9
E20D1786B1,D,178,nh4p,5013.9,1197.8,,,5185.3,1641.9
E20D1786B2,D,178,nh4p,4517,1231.2,,,4766.4,1424.1
E20E1781B1,E,178,control,2637.8,690.45,,,6518,1343.9
E20E1781B2,E,178,control,2790.2,652.16,,,4382.8,1416.3
E20E1782B1,E,178,no3,2850.1,567.7,,,6220,3140
E20E1782B2,E,178,no3,2625.4,657.11,,,7784.1,2778
E20E1783B1,E,178,nh4,2718.8,701.1,,,7534.8,2547.4
E20E1783B2,E,178,nh4,2750.2,634.43,,,6848.4,2788.7
E20E1784B1,E,178,p,2800.6,719.52,,,3801.1,1238.9
E20E1784B2,E,178,p,2643.5,681.24,,,4387.6,1207.7
E20E1785B1,E,178,no3p,2760.6,679.79,,,4789.2,2322.5
E20E1785B2,E,178,no3p,2484.6,667.77,,,3791.6,2219.6
E20E1786B1,E,178,nh4p,2693.1,642.89,,,4748.3,2802.2
E20E1786B2,E,178,nh4p,2609.3,693.26,,,4586.5,2796.5
E20F1781B1,F,178,control,2876.8,578.35,,,4951,1107
E20F1781B2,F,178,control,2171.4,540,,,3762.1,1320.5
E20F1782B1,F,178,no3,2477,528.66,,,5958.3,2879.5
E20F1782B2,F,178,no3,2459.8,542.89,,,6729.4,3367
E20F1783B1,F,178,nh4,2339.9,539.31,,,8656.1,2867.4
E20F1783B2,F,178,nh4,2997.7,628.73,,,5990.6,3233.6
E20F1784B1,F,178,p,2605.4,667.01,,,4337.1,1485.9
E20F1784B2,F,178,p,2670.2,600.34,,,4555.1,1654.7
E20F1785B1,F,178,no3p,2363.7,590.38,,,4525.6,2786.6
E20F1785B2,F,178,no3p,2993.9,635.12,,,3703.1,1997.5
E20F1786B1,F,178,nh4p,2433.2,556.36,,,4508.4,2969.6
E20F1786B2,F,178,nh4p,2848.5,662.06,,,4621.8,3193.2
E20A1881B1,A,188,control,14519,2570.8,,,13731,3107.3
E20A1881B2,A,188,control,15660,2707.8,,,15051,3985
E20A1882B1,A,188,no3,14970,2930.6,,,20830,4250.5
E20A1882B2,A,188,no3,16280,2795.1,,,20901,4110.7
E20A1883B1,A,188,nh4,14452,2468.7,,,17021,3452.9
E20A1883B2,A,188,nh4,15071,2499.2,,,17895,4156.1
E20A1884B1,A,188,p,14594,2918.6,,,16036,4154.7
E20A1884B2,A,188,p,15975,2349.4,,,15762,3938.9
E20A1885B1,A,188,no3p,15539,2463.7,14381,3056.9,20789,3790.7
E20A1885B2,A,188,no3p,14637,2362.2,14011,3363.5,20302,3942.5
E20A1886B1,A,188,nh4p,15813,2949.8,13855,3311.6,20871,4026.2
E20A1886B2,A,188,nh4p,14787,2810,14133,3210.9,17387,4352.7
E20B1881B1,B,188,control,4966.4,977.11,,,6416.2,960.82
E20B1881B2,B,188,control,5240.5,1035.3,,,5341.4,971.48
E20B1882B1,B,188,no3,4943.5,1046.6,,,5570.9,1041
E20B1882B2,B,188,no3,5291.9,1080,,,5606.1,1078.6
E20B1883B1,B,188,nh4,4935.9,1018.9,,,6022.1,1058
E20B1883B2,B,188,nh4,5502.3,976.43,,,6361,1152.3
E20B1884B1,B,188,p,5089.2,1006.9,,,4071.5,840.89
E20B1884B2,B,188,p,5576.5,1093.5,,,5623.2,857.94
E20B1885B1,B,188,no3p,5732.7,1028.9,4662.7,1732.1,5917.4,1002.6
E20B1885B2,B,188,no3p,5250,1113.4,4623,1502.9,5319.5,932.44
E20B1886B1,B,188,nh4p,5345.2,1040.2,4834.9,1744.1,5184.3,1271.6
E20B1886B2,B,188,nh4p,5536.5,1193.5,5311.9,1712.3,5742.2,1280.8
E20C1881B1,C,188,control,2860.6,656.43,,,2488,937.39
E20C1881B2,C,188,control,2622.6,596.08,,,2733,840.21
E20C1882B1,C,188,no3,2814.9,716.01,,,3720.2,1760.5
E20C1882B2,C,188,no3,3097.6,694.02,,,3300.4,1984.7
E20C1883B1,C,188,nh4,2941.5,720.27,,,3180.5,1725
E20C1883B2,C,188,nh4,2647.4,727.35,,,3724,1730.7
E20C1884B1,C,188,p,2656.9,596.77,,,2752.1,838.76
E20C1884B2,C,188,p,2988.1,818.9,,,2773,833.81
E20C1885B1,C,188,no3p,2581.7,567.7,4398.9,1703,4006.8,1617.8
E20C1885B2,C,188,no3p,2966.3,706.05,4303.8,1630.6,4255.2,1529.2
E20C1886B1,C,188,nh4p,2778.7,560.62,3883,1705.9,4973,1582
E20C1886B2,C,188,nh4p,2696.8,625.91,3735.4,1624.2,3681.2,1622.1
E20D1881B1,D,188,control,13944,2007.4,,,13731,3888.5
E20D1881B2,D,188,control,13121,2007.4,,,13528,3951.7
E20D1882B1,D,188,no3,12957,2072,,,16239,3929
E20D1882B2,D,188,no3,13945,2084.1,,,16270,4168.9
E20D1883B1,D,188,nh4,13512,1703.7,,,15122,3770.7
E20D1883B2,D,188,nh4,13665,2140.8,,,13599,3636.7
E20D1884B1,D,188,p,14327,2394.9,,,14604,3133.6
E20D1884B2,D,188,p,13774,2446.7,,,14005,3252.7
E20D1885B1,D,188,no3p,14148,2098.2,14820,2856.1,15366,4199.3
E20D1885B2,D,188,no3p,13274,2135.1,15142,2722,15833,4226.3
E20D1886B1,D,188,nh4p,13802,2133.7,15027,3460.7,15275,3857.3
E20D1886B2,D,188,nh4p,13531,1883.3,15549,3149.2,16371,3684.9
E20E1881B1,E,188,control,9559.5,1893.9,,,7480.4,1918
E20E1881B2,E,188,control,8877,1862.6,,,6187.8,1793.2
E20E1882B1,E,188,no3,9084.5,2094,,,9148.3,2330.3
E20E1882B2,E,188,no3,9670.9,1757.6,,,8924.6,2607
E20E1883B1,E,188,nh4,9401.5,1874,,,8029.8,2240.8
E20E1883B2,E,188,nh4,8598,195.5,,,8904.7,2653.8
E20E1884B1,E,188,p,8802.8,1737.1,,,6708.5,2133.7
E20E1884B2,E,188,p,9057.9,1730,,,7458.6,2069.2
E20E1885B1,E,188,no3p,9376.8,1735.6,8821.8,2219.6,8596.2,3326.6
E20E1885B2,E,188,no3p,9084.5,1703,8619.1,2273.5,9713.8,3596.9
E20E1886B1,E,188,nh4p,9539.6,1649.8,9517.7,2915.7,11184,3645.2
E20E1886B2,E,188,nh4p,9656.6,2104.6,9194.9,2692.9,9609.1,3475.6
E20F1881B1,F,188,control,2129.5,542.13,,,3744.1,541.44
E20F1881B2,F,188,control,2014.3,579.04,,,3501.3,530.1
E20F1882B1,F,188,no3,2371.3,570.52,,,6139.2,1004.1
E20F1882B2,F,188,no3,2278.9,586.87,,,5467.1,1072.2
E20F1883B1,F,188,nh4,2274.2,520.14,,,8565.7,1212
E20F1883B2,F,188,nh4,2293.2,544.26,,,7904.1,1390.8
E20F1884B1,F,188,p,2371.3,570.552,,,3908.7,637.94
E20F1884B2,F,188,p,2132.4,493.2,,,4274.3,776.29
E20F1885B1,F,188,no3p,2279.9,548.52,4221.9,1056.6,5723.1,1422
E20F1885B2,F,188,no3p,2149.5,519.45,3842.1,945.91,6549.4,2031.6
E20F1886B1,F,188,nh4p,2081,457.73,4813.1,1129.6,7448.1,2467.2
E20F1886B2,F,188,nh4p,2157.1,549.28,4957.7,1192,8356.3,2289.9
E20A1951B1,A,195,control,14686,2187,,,16412,4317.1
E20A1951B2,A,195,control,15295,2336.7,,,21673,4344.1
E20A1952B1,A,195,no3,14198,2294.1,,,20129,3916.9
E20A1952B2,A,195,no3,15183,2517.6,,,20586,5063.7
E20A1953B1,A,195,nh4,14716,2496.3,,,23542,4946.6
E20A1953B2,A,195,nh4,16219,2494.9,,,24121,4429.3
E20A1954B1,A,195,p,16778,2506.3,,,21632,4779.8
E20A1954B2,A,195,p,13954,2165.7,,,24953,4860
E20A1955B1,A,195,no3p,13060,2416.2,16991,4224.9,22465,4625.1
E20A1955B2,A,195,no3p,16564,2444.6,17306,4451.3,18941,4531.4
E20A1956B1,A,195,nh4p,16229,2326,19195,4229.9,21033,4326.2
E20A1956B2,A,195,nh4p,13924,2286.3,21835,4297.3,18453,1644.1
E20B1951B1,B,195,control,6540,1309.2,,,10173,1393.6
E20B1951B2,B,195,control,6632.3,1116.9,,,10107,1393.6
E20B1952B1,B,195,no3,7083.5,1194.9,,,9268.2,1778.2
E20B1952B2,B,195,no3,7482.4,931,,,8348.7,1758.4
E20B1953B1,B,195,nh4,6443.8,929.62,,,10504,1676.7
E20B1953B2,B,195,nh4,6355.2,1077.1,,,10133,1660.4
E20B1954B1,B,195,p,6867.4,1148.1,,,6252.4,1176.5
E20B1954B2,B,195,p,5583.3,933.81,,,6380.9,1270.9
E20B1955B1,B,195,no3p,7109.2,908.32,8088.8,1803,9789,1905.9
E20B1955B2,B,195,no3p,6854.1,1047.3,8052.6,1825,9906.1,1879.7
E20B1956B1,B,195,nh4p,6411.4,954.43,10236,1991.8,10541,2111
E20B1956B2,B,195,nh4p,6734.2,949.48,10031,2005.3,10264,2119.5
E20C1951B1,C,195,control,3567.9,779.18,,,4879.7,1732.1
E20C1951B2,C,195,control,4276.1,797.59,,,4127.7,1563.2
E20C1952B1,C,195,no3,3874.5,863.57,,,4950.1,2749
E20C1952B2,C,195,no3,4169.5,849.42,,,4650.3,2954.7
E20C1953B1,C,195,nh4,3847.8,821.72,,,5355.7,2920.6
E20C1953B2,C,195,nh4,3975.3,841.58,,,4724.5,2336
E20C1954B1,C,195,p,4072.4,899.11,,,3993.4,1036
E20C1954B2,C,195,p,3710.7,852.92,,,3640.3,907.56
E20C1955B1,C,195,no3p,4311.4,928.87,3560.3,1967,3805,1871.2
E20C1955B2,C,195,no3p,3829.7,762.82,3700.3,1935.1,4028.6,2211.8
E20C1956B1,C,195,nh4p,4129.6,831.68,3859.2,1987.6,3610.7,2719.9
E20C1956B2,C,195,nh4p,3707.8,691.89,4065.8,2213.2,5506.1,2521.9
E20D1951B1,D,195,control,4233.3,1180,,,7725.1,1889.6
E20D1951B2,D,195,control,4588.4,1162.3,,,7377.7,1951.4
E20D1952B1,D,195,no3,5003.4,1264.5,,,7710.9,3845.3
E20D1952B2,D,195,no3,5066.3,1263,,,8129.7,3775
E20D1953B1,D,195,nh4,5012.1,1333.3,,,8575.3,3215.1
E20D1953B2,D,195,nh4,5021.5,1319.8,,,7976.5,3891.4
E20D1954B1,D,195,p,4714.1,1254.5,,,7643.2,2013.8
E20D1954B2,D,195,p,5351.9,1279.4,,,7089.2,1812.3
E20D1955B1,D,195,no3p,5215,1190,6200,1485.9,6789.3,2719.9
E20D1955B2,D,195,no3p,5123.4,1234,6160.1,1483.7,7841.3,2582.2
E20D1956B1,D,195,nh4p,5092,1283,7392.9,1521.3,8500.9,2915
E20D1956B2,D,195,nh4p,5088.2,1243.9,7170.2,1582.4,9577.6,2745.4
E20E1951B1,E,195,control,4649.4,1074.3,,,2418,1187.9
E20E1951B2,E,195,control,4643.6,1177.9,,,3034,1186.4
E20E1952B1,E,195,no3,4145.7,1186.4,,,3188.1,2406.2
E20E1952B2,E,195,no3,4511.3,1222.6,,,3231.9,3274.7
E20E1953B1,E,195,nh4,4300,1117.6,,,4339.9,4140.5
E20E1953B2,E,195,nh4,4333.3,1115.5,,,3408.9,4315
E20E1954B1,E,195,p,4142,1094.9,,,2337,1476.7
E20E1954B2,E,195,p,4460.9,1124.7,,,3066.2,1692.4
E20E1955B1,E,195,no3p,4530.4,1111.9,2957.7,1195.6,2283.7,3144.9
E20E1955B2,E,195,no3p,4459.9,1111.2,2557.9,1234.7,2453.2,2942.7
E20E1956B1,E,195,nh4p,4725.5,1391.5,2845.3,1620,2457,2744
E20E1956B2,E,195,nh4p,4304.7,1264.5,2847.3,1385.8,2472.2,2453.1
E20F1951B1,F,195,control,2318.9,558.49,,,4420,1086.3
E20F1951B2,F,195,control,2750.2,734.43,,,3738.3,898.35
E20F1952B1,F,195,no3,2195.2,576.22,,,4674.1,2399.1
E20F1952B2,F,195,no3,2688.3,649.28,,,5003.4,2244.4
E20F1953B1,F,195,nh4,2789.2,574.78,,,8045.1,2453.1
E20F1953B2,F,195,nh4,3079.5,608.11,,,4978.8,2663.1
E20F1954B1,F,195,p,2411.3,623.02,,,3745.9,1254.5
E20F1954B2,F,195,p,2279.9,636.49,,,3666.9,1210.5
E20F1955B1,F,195,no3p,2470.3,698.97,3183.3,1006.2,3839.2,2380.6
E20F1955B2,F,195,no3p,2938.7,652.16,3317.5,1160.8,4197.1,2133.7
E20F1956B1,F,195,nh4p,2395.1,591.13,4270.5,1570.3,5234.8,2945.5
E20F1956B2,F,195,nh4p,2492.2,634.43,4013.4,1773.3,5443.3,3174.7
E20A2021B1,A,202,control,20607,3471.3,,,25867,4564.1
E20A2021B2,A,202,control,20830,3667.9,,,25380,3647.3
E20A2022B1,A,202,no3,21510,3584.1,,,28894,4642.8
E20A2022B2,A,202,no3,23075,3482.7,,,32743,5172.9
E20A2023B1,A,202,nh4,21338,3586.3,,,24984,4871.4
E20A2023B2,A,202,nh4,20505,3402.5,,,30885,5083.5
E20A2024B1,A,202,p,21317,3362,,,25025,5282.2
E20A2024B2,A,202,p,20444,3204.5,,,27909,4832.3
E20A2025B1,A,202,no3p,21470,3418.1,22750,4860.7,29473,4502.4
E20A2025B2,A,202,no3p,20566,3423.8,21500,4753.6,32307,5299.3
E20A2026B1,A,202,nh4p,21907,3633.8,18179,3667.9,28285,4300.8
E20A2026B2,A,202,nh4p,20546,3422.4,22404,4156.1,26365,4368.3
E20B2021B1,B,202,control,2742.5,707.45,,,4662.7,779.86
E20B2021B2,B,202,control,2949.1,746.53,,,4744.5,855.81
E20B2022B1,B,202,no3,2694,459.11,,,4700.8,900.48
E20B2022B2,B,202,no3,3425.2,504.54,,,5424.2,928.87
E20B2023B1,B,202,nh4,3603.1,599.66,,,4893,901.24
E20B2023B2,B,202,nh4,2996.8,474.02,,,5325.3,959.9
E20B2024B1,B,202,p,3642.2,617.39,,,4118.1,856.49
E20B2024B2,B,202,p,3016.8,449.9,,,5382.4,894.85
E20B2025B1,B,202,no3p,2974.8,622.34,4118.1,891.96,7009.3,1302.1
E20B2025B2,B,202,no3p,3272.8,523.02,4240.9,1138.2,7530.9,1506.4
E20B2026B1,B,202,nh4p,3050.1,521.58,4084.8,849.42,6446.6,1537.7
E20B2026B2,B,202,nh4p,3191.9,531.48,4170.5,919.66,7052,1218.4
E20C2021B1,C,202,control,2038.1,723.09,,,3385.1,1539.8
E20C2021B2,C,202,control,2441.7,692.58,,,2705.5,1362.4
E20C2022B1,C,202,no3,2501.7,690.45,,,4275.2,2293.4
E20C2022B2,C,202,no3,2201.8,743.64,,,4562.8,4386.7
E20C2023B1,C,202,nh4,2442.7,767.84,,,4088.7,2331
E20C2023B2,C,202,nh4,2264.7,841.58,,,3683.1,2542.4
E20C2024B1,C,202,p,2252.3,705.36,,,3330.9,1169.4
E20C2024B2,C,202,p,2747.3,673.4,,,3199.5,1168.7
E20C2025B1,C,202,no3p,2148.5,613.13,3394.7,1877.5,3937.2,3559.3
E20C2025B2,C,202,no3p,2513.1,734.43,3088.2,1625,3062.4,1720
E20C2026B1,C,202,nh4p,2380.8,665.64,3085.2,2292,3308,2377.1
E20C2026B2,C,202,nh4p,2489.4,633.68,3050.1,1756.2,6648.4,2728.4
E20D2021B1,D,202,control,12917,2211.1,,,14167,3315.9
E20D2021B2,D,202,control,14982,2376.4,,,14384,2959
E20D2022B1,D,202,no3,12735,2270,,,16422,3692.7
E20D2022B2,D,202,no3,12989.9,2171.4,,,14583,3642.4
E20D2023B1,D,202,nh4,13878,2268.5,,,15099,3237.1
E20D2023B2,D,202,nh4,14425,2319.7,,,14442,3132.1
E20D2024B1,D,202,p,15005,2352.3,,,14516,2696.4
E20D2024B2,D,202,p,13872,2148.6,,,16503,2841.2
E20D2025B1,D,202,no3p,13909,2238.8,14523,2647.5,14426,2814.2
E20D2025B2,D,202,no3p,13843,2162.1,14878,2626.9,14533,2970.3
E20D2026B1,D,202,nh4p,14951,2323.2,14303,2614.9,13167,2607
E20D2026B2,D,202,nh4p,13377,2162.1,14972,2575.8,12075,2700
E20E2021B1,E,202,control,10727,2687.2,,,8249.7,3254.9
E20E2021B2,E,202,control,15457,3928.3,,,7362.4,3483.4
E20E2022B1,E,202,no3,17438,4883.4,,,11501,4322.2
E20E2022B2,E,202,no3,17580,4599.6,,,10314,4672.7
E20E2023B1,E,202,nh4,20972,5175.1,,,10821,5517.1
E20E2023B2,E,202,nh4,18890,4442.8,,,7783.2,4757.1
E20E2024B1,E,202,p,16869,4576.2,,,9445.4,2951.2
E20E2024B2,E,202,p,17692,4689,,,9424.3,3450.7
E20E2025B1,E,202,no3p,17742,5136,10412,3415.3,9736.7,3080.4
E20E2025B2,E,202,no3p,16615,4616.6,10951,2912.9,9585.2,3649.4
E20E2026B1,E,202,nh4p,17478,4601.7,9702.3,3072.5,8509.6,3846.7
E20E2026B2,E,202,nh4p,18870,4517.3,10759,3429.4,8813.2,3922.6
E20F2021B1,F,202,control,2522.7,691.89,,,2963.4,1289.3
E20F2021B2,F,202,control,3058.6,818.21,,,3180.5,1265.9
E20F2022B1,F,202,no3,2525.5,844.47,,,4264.8,2790.1
E20F2022B2,F,202,no3,2440.8,841.58,,,4194.3,3010.1
E20F2023B1,F,202,nh4,2597.8,799.73,,,3571.7,2627.6
E20F2023B2,F,202,nh4,2601.7,864.33,,,4628.4,3466.3
E20F2024B1,F,202,p,2410.3,865.78,,,3195.7,1280.1
E20F2024B2,F,202,p,2730.2,860.76,,,2822.5,1141
E20F2025B1,F,202,no3p,2662.6,921.79,3206.2,1377.3,3059.5,2724.1
E20F2025B2,F,202,no3p,2557.9,832.37,2858.7,1453.2,2888.2,2170.6
E20F2026B1,F,202,nh4p,3490.8,825.98,3304.2,2211.8,3710.7,4039.7
E20F2026B2,F,202,nh4p,2546.4,853.68,3242.3,3320.2,3305.2,2743.3
E20A2091B1,A,209,control,18149,3661.5,,,18799,2868.1
E20A2091B2,A,209,control,15549,3344.3,,,19418,3023.6
E20A2092B1,A,209,no3,15325,2918.6,,,25400,3976.6
E20A2092B2,A,209,no3,17702,3313.8,,,25644,4043.9
E20A2093B1,A,209,nh4,17103,3242.8,,,27706,4303
E20A2093B2,A,209,nh4,17671,3704.1,,,25339,3960.2
E20A2094B1,A,209,p,16839,3254.2,,,22343,3949.6
E20A2094B2,A,209,p,17032,3230.1,,,19479,3499
E20A2095B1,A,209,no3p,17671,3416.7,20952,3324,25837,3933.3
E20A2095B2,A,209,no3p,17996,3173.3,22871,3708.3,26050,3458.6
E20A2096B1,A,209,nh4p,17814,3582.7,22922,3089.6,22292,3478.4
E20A2096B2,A,209,nh4p,17570,3545.9,22861,3359.2,24547,3268.4
E20B2091B1,B,209,control,5898.3,802.54,,,7932.7,1256
E20B2091B2,B,209,control,5253.9,781.99,,,8195.4,1202.8
E20B2092B1,B,209,no3,5287.2,756.43,,,7971.7,1521.7
E20B2092B2,B,209,no3,5636.6,706.8,,,8433.4,1422.7
E20B2093B1,B,209,nh4,5402.4,791.2,,,8865.5,1303.5
E20B2093B2,B,209,nh4,5721.3,713.2,,,8568.6,1370.2
E20B2094B1,B,209,p,5294.8,698.97,,,8339.2,1182.8
E20B2094B2,B,209,p,5364.3,826.67,,,10149,1301.4
E20B2095B1,B,209,no3p,5509,817.46,8632.4,1335.4,11969,1853.4
E20B2095B2,B,209,no3p,5470.9,682.68,8771.3,1456.8,12701,1837.8
E20B2096B1,B,209,nh4p,5532.8,750.79,8920.8,1387.9,10045,1869
E20B2096B2,B,209,nh4p,5484.2,683.37,8417.3,1219.7,10332,1846.3
E20C2091B1,C,209,control,2151.4,530.1,,,2546.4,1264.5
E20C2091B2,C,209,control,2171.4,469.76,,,3296.6,947.35
E20C2092B1,C,209,no3,2445.6,573.4,,,3465.1,1506.4
E20C2092B2,C,209,no3,2585.5,500.27,,,3579.3,1385.8
E20C2093B1,C,209,nh4,2203.8,529.35,,,4452.3,1888.2
E20C2093B2,C,209,nh4,2750.2,514.5,,,4538,1184.3
E20C2094B1,C,209,p,2113.3,563.44,,,3897.3,1053
E20C2094B2,C,209,p,2930.1,594.64,,,3979.2,1437.6
E20C2095B1,C,209,no3p,2727.3,524.4,4495.1,2010.1,5745,2551.7
E20C2095B2,C,209,no3p,2368.4,552.1,3745.9,1578.1,5313.8,2560.9
E20C2096B1,C,209,nh4p,2420.8,549.97,4099.1,1556.9,4820.7,2471.5
E20C2096B2,C,209,nh4p,2740.8,495.33,2980.5,1299.3,3744.1,2409
E20D2091B1,D,209,control,3984.9,994.85,,,5091.1,1950.7
E20D2091B2,D,209,control,4512.3,931.75,,,5454.7,2108.9
E20D2092B1,D,209,no3,4518,962.2,,,6092.5,3407.4
E20D2092B2,D,209,no3,4753.1,1033.8,,,6818.9,3440.8
E20D2093B1,D,209,nh4,4254.3,933.13,,,7778.4,3197.4
E20D2093B2,D,209,nh4,4510.3,1037.4,,,8203.1,2963.9
E20D2094B1,D,209,p,4955.9,1096.3,,,6056.3,1635.6
E20D2094B2,D,209,p,4560.8,962.96,,,5638.4,1882.6
E20D2095B1,D,209,no3p,5064.4,999.86,5955.5,1610.1,6399,2498.4
E20D2095B2,D,209,no3p,4105.7,951.61,6349.5,1696.6,6598,2625.5
E20D2096B1,D,209,nh4p,4767.4,1029.6,5589.9,1544.8,6150.6,2302.6
E20D2096B2,D,209,nh4p,4451.3,1074.3,6049.6,1651.2,6040.2,2419.7
E20E2091B1,E,209,control,13868,2716.3,,,7825,2778.8
E20E2091B2,E,209,control,13172,2900.8,,,8176.3,2751.8
E20E2092B1,E,209,no3,14889,2705,,,11368,4018.4
E20E2092B2,E,209,no3,14411,2479.3,,,11425,3919.1
E20E2093B1,E,209,nh4,14492,2661.7,,,10177,2818.5
E20E2093B2,E,209,nh4,13812,2724.8,,,9369.2,3246.4
E20E2094B1,E,209,p,14005,2663.1,,,9666.2,3091
E20E2094B2,E,209,p,15021,2829.9,,,10461,2703.5
E20E2095B1,E,209,no3p,13639,2809.3,9996.5,3218.7,11196,3039.9
E20E2095B2,E,209,no3p,14502,2599.2,9843.3,2735.5,9831.8,2981.7
E20E2096B1,E,209,nh4p,13903,2675.8,10508,2961.1,12405,3438
E20E2096B2,E,209,nh4p,15023,2759.6,11026,2952.6,11048,4106.4
E20F2091B1,F,209,control,5984.9,1022.5,,,6671.3,1309.9
E20F2091B2,F,209,control,6067.8,1000.5,,,6860.7,1290.7
E20F2092B1,F,209,no3,5967.8,945.91,,,7539.5,1493.7
E20F2092B2,F,209,no3,5710.8,1009,,,7853.7,1588.8
E20F2093B1,F,209,nh4,5722.2,1107,,,7243.4,1802.4
E20F2093B2,F,209,nh4,4999.7,938.08,,,7964.1,1625
E20F2094B1,F,209,p,5736.5,970.03,,,6836.9,1148.8
E20F2094B2,F,209,p,5586.1,889.83,,,6502.8,1142.4
E20F2095B1,F,209,no3p,5283.3,969.35,5369.1,1238.2,6394.3,1835
E20F2095B2,F,209,no3p,5456.6,990.58,5430.9,843.02,5924,1290.7
E20F2096B1,F,209,nh4p,5580.4,978.56,6603.8,1146,6437.1,1248.1
E20F2096B2,F,209,nh4p,5407.1,929.62,6381.9,1087.1,6415.3,1724.3
E20A2171B1,A,217,control,4388.5,677.66,,,7401.4,992.71
E20A2171B2,A,217,control,4699.8,687.63,,,7580.5,1052.3
E20A2172B1,A,217,no3,4489.4,750.79,,,10314,1246
E20A2172B2,A,217,no3,4718.9,664.19,,,9895.6,1345.4
E20A2173B1,A,217,nh4,4717.8,625.15,,,11671,1447.6
E20A2173B2,A,217,nh4,4570.4,654.98,,,9993.7,1473.1
E20A2174B1,A,217,p,5567,672.03,,,9219.7,1207
E20A2174B2,A,217,p,6332.4,678.42,,,10138,1400.7
E20A2175B1,A,217,no3p,4744.5,740.82,6437.1,982.13,10406,2022.3
E20A2175B2,A,217,no3p,4346.6,663.51,5912.6,967.9,8355.3,1309.9
E20A2176B1,A,217,nh4p,5108.1,621.65,6684.6,1158,8552.4,1287.9
E20A2176B2,A,217,nh4p,5047.3,672.71,6235.3,895.53,8276.3,1194.9
E20B2171B1,B,217,control,8125.9,1011.8,,,7317.7,1155.2
E20B2171B2,B,217,control,8526.6,990.58,,,6708.5,1145.2
E20B2172B1,B,217,no3,8549.5,979.24,,,9583.4,1688.8
E20B2172B2,B,217,no3,8523.8,987.08,,,9587.2,1557.5
E20B2173B1,B,217,nh4,9214,1609.7,,,9293,1748.4
E20B2173B2,B,217,nh4,8665.7,940.96,,,10032,1899.5
E20B2174B1,B,217,p,8063.1,944.47,,,6503.7,1137.5
E20B2174B2,B,217,p,8351.5,948.73,,,6989.3,1085.7
E20B2175B1,B,217,no3p,8182,980.69,13550,1925.1,11079,1485.2
E20B2175B2,B,217,no3p,9153.1,958.01,14353,2186.2,12129,1651.2
E20B2176B1,B,217,nh4p,8947.4,953.75,14427,2237.3,12659,1801.7
E20B2176B2,B,217,nh4p,8861.8,933.13,14211,2099,12595,2006
E20C2171B1,C,217,control,4372.3,598.21,,,6115.3,1052.3
E20C2171B2,C,217,control,4710.2,563.44,,,5674.6,955.12
E20C2172B1,C,217,no3,4469.4,582.61,,,9861.4,1648.3
E20C2172B2,C,217,no3,4656,579.79,,,9905.1,1724.3
E20C2173B1,C,217,nh4,4553.2,558.49,,,8883.6,1615
E20C2173B2,C,217,nh4,4141,543.57,,,8279.1,1679.6
E20C2174B1,C,217,p,4427.6,578.35,,,5838.4,1043
E20C2174B2,C,217,p,4169.5,586.87,,,5760.3,980
E20C2175B1,C,217,no3p,4262.8,542.89,7588.1,1272.3,8950.4,1592.3
E20C2175B2,C,217,no3p,4446.6,571.96,8510.5,1556.9,9556.7,1576.7
E20C2176B1,C,217,nh4p,4334.7,616.63,7680.4,1472.4,8710.5,1597.3
E20C2176B2,C,217,nh4p,4572.2,653.54,8081.2,1280.9,9274.9,1730.7
E20D2171B1,D,217,control,1216.6,297.32,,,1604,581.86
E20D2171B2,D,217,control,1196.6,307.97,,,1571.6,567.01
E20D2172B1,D,217,no3,1423.2,259.73,,,2989.1,1629.2
E20D2172B2,D,217,no3,1203.3,299.45,,,2905.4,1332.6
E20D2173B1,D,217,nh4,1284.1,262.54,,,2945.4,2324.6
E20D2173B2,D,217,nh4,1312.8,245.57,,,2524.6,2018.8
E20D2174B1,D,217,p,1276.5,249.83,,,1884.9,681.92
E20D2174B2,D,217,p,1286,276.08,,,1930.6,637.25
E20D2175B1,D,217,no3p,1389.8,289.55,2101,1486.6,2296.1,2326.8
E20D2175B2,D,217,no3p,1323.2,265.43,2028.6,1377.3,2551.2,2603.5
E20D2176B1,D,217,nh4p,1217.5,310.79,2465.6,2072,2851.1,2896.5
E20D2176B2,D,217,nh4p,1226.1,239.86,2223.8,1788.9,2446.5,2952.6
E20E2171B1,E,217,control,2833,571.96,,,2102.8,557.73
E20E2171B2,E,217,control,3594.6,511.62,,,2938.7,648.59
E20E2172B1,E,217,no3,3141.4,554.91,,,5296.6,1409.2
E20E2172B2,E,217,no3,3258.5,543.57,,,4386.6,1232.5
E20E2173B1,E,217,nh4,3300.4,518.01,,,4828.3,1697.3
E20E2173B2,E,217,nh4,2862.5,511.62,,,5097.7,1598
E20E2174B1,E,217,p,2162.8,440,,,3043,893.4
E20E2174B2,E,217,p,2704.5,491.75,,,3126.2,794.09
E20E2175B1,E,217,no3p,2716.9,439.24,3388.9,1324.8,3769.8,2038
E20E2175B2,E,217,no3p,2431.3,452.03,3534.6,1197.1,4548.4,2086.2
E20E2176B1,E,217,nh4p,2434.1,514.5,3974.4,1373.8,4447.5,2390.6
E20E2176B2,E,217,nh4p,2815.9,507.35,4474.2,1297.1,5030.1,2526.8
E20F2171B1,F,217,control,4800.7,613.81,,,5048.2,901.24
E20F2171B2,F,217,control,4649.4,527.22,,,5182.5,783.44
E20F2172B1,F,217,no3,4159,601.79,,,9373,1457.5
E20F2172B2,F,217,no3,5260.5,576.22,,,9912.8,1382.3
E20F2173B1,F,217,nh4,4620.7,517.32,,,9672.9,1534.1
E20F2173B2,F,217,nh4,4678.8,623.78,,,9866.1,1497.2
E20F2174B1,F,217,p,4788.3,552.78,,,6077.3,888.45
E20F2174B2,F,217,p,4671.2,581.86,,,5607,909
E20F2175B1,F,217,no3p,4888.3,543.57,10177,1735.6,11084,1420.6
E20F2175B2,F,217,no3p,5178.6,581.17,10206,1276.5,12556,1491.6
E20F2176B1,F,217,nh4p,4722.6,578.35,11154,1442.6,12735,1804.5
E20F2176B2,F,217,nh4p,4434.2,552.78,10885,1620.7,11473,1529.2
E20A2201B1,A,220,control,5051.1,791.2,,,6856,1021.1
E20A2201B2,A,220,control,5508,755.05,,,7070.2,1010.5
E20A2202B1,A,220,no3,5584.3,696.84,,,10426,1508.5
E20A2202B2,A,220,no3,6411.4,834.5,,,11401,1551.8
E20A2203B1,A,220,nh4,5547,643.64,,,11521,1435.5
E20A2203B2,A,220,nh4,4722.6,776.29,,,12417,1752
E20A2204B1,A,220,p,5057.8,633.68,,,6769.4,1137.5
E20A2204B2,A,220,p,6147.7,720.27,,,9078.8,1255.3
E20A2205B1,A,220,no3p,5469,573.4,7974.5,1122.6,10785,1351.8
E20A2205B2,A,220,no3p,5346.2,682.68,8834.2,1094.9,10213,1312.7
E20A2206B1,A,220,nh4p,5855.4,850.86,8112.6,1174.4,10086,1468.1
E20A2206B2,A,220,nh4p,6420.9,708.18,8069.7,1234,8766.6,1410.7
E20B2201B1,B,220,control,8075.5,967.9,,,6980.7,1124
E20B2201B2,B,220,control,7845,955.88,,,7065.5,1183.6
E20B2202B1,B,220,no3,7805.1,1005.5,,,9952.7,1647
E20B2202B2,B,220,no3,7908.8,827.42,,,10113,1665.4
E20B2203B1,B,220,nh4,8759,977.87,,,9107.4,1678.9
E20B2203B2,B,220,nh4,8047.9,954.43,,,8966.5,1642.7
E20B2204B1,B,220,p,8086,980.69,,,6967.3,1154.5
E20B2204B2,B,220,p,7646.1,940.21,,,8107.8,1370.9
E20B2205B1,B,220,no3p,8073.6,960.82,11296,1576,10168,1463.9
E20B2205B2,B,220,no3p,7907,935.95,12697,1645.5,10504,1541.2
E20B2206B1,B,220,nh4p,7905.1,950.86,9551.9,1228.3,10617,1447.6
E20B2206B2,B,220,nh4p,7780.4,1006.9,10977,1467.4,10865,1595.1
E20C2201B1,C,220,control,6754.2,849.42,,,7356.7,1263.7
E20C2201B2,C,220,control,6879.8,734.43,,,7537.6,1278.6
E20C2202B1,C,220,no3,6800.8,848.743,,,10778,1911.6
E20C2202B2,C,220,no3,7807,840.89,,,10430,1721.5
E20C2203B1,C,220,nh4,6947.3,870.72,,,8071.6,1705.1
E20C2203B2,C,220,nh4,7471.9,862.2,,,9812.8,1870.5
E20C2204B1,C,220,p,7018.7,947.35,,,7899.4,1357.4
E20C2204B2,C,220,p,7044.4,882.75,,,8136.3,1324.8
E20C2205B1,C,220,no3p,7029.2,805.43,9987.9,1761.2,10494,1867.7
E20C2205B2,C,220,no3p,6599.9,819.59,9531,1581,11882,1948.5
E20C2206B1,C,220,nh4p,6426.6,830.93,9923.2,1492.9,9797.6,1863.4
E20C2206B2,C,220,nh4p,7505.2,874.23,9611,1483,10258,1901
E20D2201B1,D,220,control,1633.5,414.43,,,4090.6,1334
E20D2201B2,D,220,control,1865.8,463.37,,,4071.5,1116.9
E20D2202B1,D,220,no3,1743,438.56,,,6043,2108.9
E20D2202B2,D,220,no3,2076.2,429.35,,,5813.6,2888.8
E20D2203B1,D,220,nh4,1701.1,466.25,,,7204.4,3087.4
E20D2203B2,D,220,nh4,1861.1,373.95,,,7674.6,2824.9
E20D2204B1,D,220,p,1882,388.18,,,3963,1666.8
E20D2204B2,D,220,p,1976.3,427.22,,,5728.9,1721.5
E20D2205B1,D,220,no3p,1567.9,332.1,4359.9,2020.9,6386.7,3473.4
E20D2205B2,D,220,no3p,1918.2,422.2,4601.8,1930.8,6973,3719.7
E20D2206B1,D,220,nh4p,1677.4,425.77,3392.8,1774.7,4609.4,4210.7
E20D2206B2,D,220,nh4p,1899.1,390.31,3687.9,1673.9,4904.5,3975.1
E20E2201B1,E,220,control,2121.9,416.56,,,2164.8,679.11
E20E2201B2,E,220,control,3060.5,395.26,,,2488.3,726.67
E20E2202B1,E,220,no3,2133.3,390.31,,,4908.3,1489.4
E20E2202B2,E,220,no3,2361.8,387.49,,,5086.3,1775.4
E20E2203B1,E,220,nh4,2044.8,372.58,,,5050.2,1613.6
E20E2203B2,E,220,nh4,2334.2,406.6,,,5494.7,19996
E20E2204B1,E,220,p,2433.2,402.34,,,2744.5,822.47
E20E2204B2,E,220,p,2055.3,435.74,,,2989.1,944.47
E20E2205B1,E,220,no3p,1992.4,431.48,3801.1,1151,4774,1698
E20E2205B2,E,220,no3p,1964.8,387.49,4404.7,1119,4527.5,1506.4
E20E2206B1,E,220,nh4p,2029.6,435.74,3221.4,872.85,4601.8,1998.9
E20E2206B2,E,220,nh4p,2232.3,392.44,4041.9,1018.9,5449.9,2243.7
E20F2201B1,F,220,control,2291.3,344.88,,,3181.4,382.47
E20F2201B2,F,220,control,2612.1,327.15,,,3071,378.97
E20F2202B1,F,220,no3,2489.4,329.97,,,8703.8,1017.5
E20F2202B2,F,220,no3,2785.4,366.19,,,9009.4,954.43
E20F2203B1,F,220,nh4,2379.9,322.2,,,9899.5,1155.2
E20F2203B2,F,220,nh4,2806.3,287.42,,,10561,1299.3
E20F2204B1,F,220,p,2323.7,398.83,,,3911.5,475.46
E20F2204B2,F,220,p,2874.9,390.31,,,3962,475.46
E20F2205B1,F,220,no3p,3094.8,391.68,9365.3,948.73,8830.4,928.87
E20F2205B2,F,220,no3p,2862.5,322.89,9106.5,898.35,9284.5,1040.2
E20F2206B1,F,220,nh4p,2549.3,316.49,9941.3,1103.4,13311,1370.9
E20F2206B2,F,220,nh4p,2676.8,330.72,10863,1058.7,13386,1488.7
E20A2301B1,A,227,control,8732.3,1009,,,13583,1649.1
E20A2301B2,A,227,control,11539,1163.7,,,14696,2169.2
E20A2302B1,A,227,no3,12775,1175.1,,,14950,2172.1
E20A2302B2,A,227,no3,11579,1209.1,,,15234,2527.6
E20A2303B1,A,227,nh4,11823,1207,,,14462,2575.8
E20A2303B2,A,227,nh4,12316,1260.9,,,13943,2494.2
E20A2304B1,A,227,p,12082,1159.5,,,11809,1711.5
E20A2304B2,A,227,p,11196,1143.1,,,11679,1816.5
E20A2305B1,A,227,no3p,12058,1210.5,,,15057,2244.4
E20A2305B2,A,227,no3p,11305,1100.6,,,14218,2311.8
E20A2306B1,A,227,nh4p,10004,1175.8,,,15295,2296.9
E20A2306B2,A,227,nh4p,11218,1304.2,,,14360,2323.2
E20B2301B1,B,227,control,5970.7,662.75,,,9495.7,1251.7
E20B2301B2,B,227,control,6806.5,674.16,,,10135,1333.3
E20B2302B1,B,227,no3,6794.1,652.16,,,9991.8,1342.5
E20B2302B2,B,227,no3,6296.2,730.93,,,9682.4,1308.5
E20B2303B1,B,227,nh4,6560,607.42,,,10485,1480.2
E20B2303B2,B,227,nh4,6131.6,645.77,,,10752,1490.1
E20B2304B1,B,227,p,7169.2,706.8,,,7704.2,1045.9
E20B2304B2,B,227,p,6679.9,647.9,,,8084,1187.1
E20B2305B1,B,227,no3p,7090.1,688.32,,,12933,1569.6
E20B2305B2,B,227,no3p,6085.9,679.11,,,12356,1533.4
E20B2306B1,B,227,nh4p,7250.1,797.59,,,13752,1810.1
E20B2306B2,B,227,nh4p,6425.7,730.17,,,12353,1842.8
E20C2301B1,C,227,control,6484.8,705.36,,,10860,1573.2
E20C2301B2,C,227,control,6990.2,717.39,,,12144,1479.5
E20C2302B1,C,227,no3,7721.3,808.93,,,11325,1573.2
E20C2302B2,C,227,no3,6421.9,715.33,,,12600,1708
E20C2303B1,C,227,nh4,6798.9,751.48,,,13280,1947.1
E20C2303B2,C,227,nh4,7261.6,716.01,,,14803,2130.9
E20C2304B1,C,227,p,6753.2,779.86,,,12812,1702.3
E20C2304B2,C,227,p,74095.9,692.58,,,13842,2108.9
E20C2305B1,C,227,no3p,6893.1,751.48,,,15691,2291.3
E20C2305B2,C,227,no3p,7676.6,823.16,,,15020,2184.8
E20C2306B1,C,227,nh4p,7255.8,809.69,,,13816,2086.2
E20C2306B2,C,227,nh4p,7177.8,764.26,,,13447,2128.8
E20D2301B1,D,227,control,4506.6,712.44,,,54769.9,1998.2
E20D2301B2,D,227,control,5259.6,773.47,,,6717.9,1703
E20D2302B1,D,227,no3,5902.2,850.86,,,8283,2888.1
E20D2302B2,D,227,no3,4814,823.85,,,8709.4,3153.4
E20D2303B1,D,227,nh4,5179.5,871.41,,,8333.5,2898.6
E20D2303B2,D,227,nh4,5579.4,804.67,,,7727,2777.3
E20D2304B1,D,227,p,5543.2,750.79,,,6625.6,1792.4
E20D2304B2,D,227,p,5322.3,830.24,,,6350.5,1925.8
E20D2305B1,D,227,no3p,5769.8,831.68,,,7923.2,2710.6
E20D2305B2,D,227,no3p,5107.2,785.57,,,7259.6,2618.4
E20D2306B1,D,227,nh4p,5378.5,803.3,,,7688,2572.3
E20D2306B2,D,227,nh4p,5416.6,782.68,,,7485.2,2870.3
E20E2301B1,E,227,control,2717.8,466.25,,,5946.8,1549
E20E2301B2,E,227,control,2422.7,535.05,,,5882.2,1444.7
E20E2302B1,E,227,no3,2904.4,529.35,,,5991.6,1907.4
E20E2302B2,E,227,no3,2836.8,499.59,,,6720.9,2047.9
E20E2303B1,E,227,nh4,2797.8,434.3,,,6505.6,1930.1
E20E2303B2,E,227,nh4,2957.7,558.49,,,6062,1972.7
E20E2304B1,E,227,p,3671.6,558.49,,,5154.9,1300.6
E20E2304B2,E,227,p,2631.1,502.41,,,5413.7,1488.7
E20E2305B1,E,227,no3p,2661.6,530.1,,,5445.2,1747
E20E2305B2,E,227,no3p,4004.9,579.04,,,5748.9,1734.3
E20E2306B1,E,227,nh4p,3246.2,513.06,,,5946.8,1570.3
E20E2306B2,E,227,nh4p,2900.6,558.49,,,6955,1849.9
E20F2301B1,F,227,control,2257.1,438.56,,,9273,1461.7
E20F2301B2,F,227,control,2851.1,381.79,,,10642,1492.3
E20F2302B1,F,227,no3,2940.6,399.52,,,10577,1476.7
E20F2302B2,F,227,no3,2831.1,420.82,,,9300.6,1489.4
E20F2303B1,F,227,nh4,2852,444.95,,,9962.2,1641.9
E20F2303B2,F,227,nh4,3333.7,460.55,,,9262.6,1515.7
E20F2304B1,F,227,p,3080.5,419.38,,,11454,1933.6
E20F2304B2,F,227,p,2731.2,395.95,,,8224.9,1324.1
E20F2305B1,F,227,no3p,2867.3,392.44,,,11020,1930.1
E20F2305B2,F,227,no3p,2907.3,423.64,,,9174,1690.3
E20F2306B1,F,227,nh4p,2810.2,466.94,,,8859.9,1471.7
E20F2306B2,F,227,nh4p,2832,439.24,,,10387,1984.7
